cart_item_id,cart_id,product_id,product_total_discounted,product_price,product_quantity,product_total
1,1,162,105.41,29.99,4,119.96
2,1,113,10547.97,3999.99,3,11999.97
3,1,122,839.76,299.99,3,899.97
4,1,138,17.67,8.99,2,17.98
5,2,86,93.12,19.99,5,99.94999999999999
6,2,104,32.58,19.99,2,39.98
7,3,24,14.36,14.99,1,14.99
8,3,123,996.92,1099.99,1,1099.99
9,3,129,279.14,299.99,1,299.99
10,3,86,93.12,19.99,5,99.94999999999999
11,3,8,153.49,89.99,2,179.98
12,3,157,88.74,19.99,5,99.94999999999999
13,4,92,329.84,109.99,3,329.96999999999997
14,4,8,306.97,89.99,4,359.96
15,5,161,1145.17,349.99,4,1399.96
16,5,39,6.57,1.99,4,7.96
17,5,3,54.06,14.99,4,59.96
18,6,192,46232.96,10999.99,5,54999.95
19,6,130,309.71,349.99,1,349.99
20,6,155,95.02,24.99,4,99.96
21,6,42,3.37,0.99,4,3.96
22,7,56,42.97,49.99,1,49.99
23,7,136,412.94,499.99,1,499.99
24,7,9,139.11,69.99,2,139.98
25,7,120,34.61,9.99,4,39.96
27,7,90,431.05,89.99,5,449.95
28,8,18,16.26,8.99,2,17.98
29,8,50,26.9,9.99,3,29.97
30,8,162,105.41,29.99,4,119.96
31,8,11,5211.48,1899.99,3,5699.97
32,8,108,103.35,29.99,4,119.96
33,8,106,307.92,349.99,1,349.99
34,9,1,26.83,9.99,3,29.97
35,9,98,26585.98,13999.99,2,27999.98
36,9,132,1208.23,499.99,3,1499.97
37,9,90,172.42,89.99,2,179.98
38,10,41,2.16,2.49,1,2.49
39,10,108,129.18,29.99,5,149.95
40,11,115,55847.96,14999.99,4,59999.96
41,11,101,949.61,549.99,2,1099.98
42,11,55,23.83,6.99,4,27.96
43,11,25,3.86,1.29,3,3.87
44,11,161,572.58,349.99,2,699.98
45,12,117,6631.49,7499.99,1,7499.99
46,12,28,25.06,5.49,5,27.450000000000003
47,12,98,26585.98,13999.99,2,27999.98
48,12,8,76.74,89.99,1,89.99
49,12,162,131.76,29.99,5,149.95
50,12,14,1959.76,499.99,4,1999.96
51,13,35,4.33,2.29,2,4.58
52,13,23,10.64,2.99,4,11.96
53,14,44,102.12,29.99,4,119.96
54,14,68,24.24,24.99,1,24.99
55,14,65,58.23,12.99,5,64.95
56,15,61,58.07,34.99,2,69.98
57,15,105,82.82,99.99,1,99.99
58,15,141,73.79,39.99,2,79.98
59,16,20,22.62,4.99,5,24.950000000000003
60,16,91,342.08,119.99,3,359.96999999999997
61,17,123,4984.6,1099.99,5,5499.95
62,17,137,19.0,19.99,1,19.99
63,17,25,6.44,1.29,5,6.45
64,17,26,4.9,0.99,5,4.95
65,18,169,121712.45,24999.99,5,124999.95000000001
66,18,193,3266.36,799.99,5,3999.95
67,19,22,29.58,10.99,3,32.97
68,19,56,42.97,49.99,1,49.99
69,19,97,21179.38,10999.99,2,21999.98
70,19,71,37.71,39.99,1,39.99
71,19,69,18.49,3.99,5,19.950000000000003
72,20,123,3987.68,1099.99,4,4399.96
73,20,36,55.42,19.99,3,59.97
74,20,146,11.63,5.99,2,11.98
75,20,89,196.68,79.99,3,239.96999999999997
76,21,79,1599.47,1799.99,1,1799.99
77,21,164,119.97,34.99,4,139.96
78,21,192,9246.59,10999.99,1,10999.99
79,22,16,6.96,1.99,4,7.96
80,22,92,219.89,109.99,2,219.98
81,22,166,69.62,39.99,2,79.98
82,23,127,1225.61,299.99,5,1499.95
83,23,134,898.26,249.99,4,999.96
84,24,117,26525.96,7499.99,4,29999.96
85,24,128,254.08,149.99,2,299.98
86,25,32,6.02,3.49,2,6.98
87,25,106,923.76,349.99,3,1049.97
88,25,35,10.83,2.29,5,11.45
89,25,110,48.33,14.99,4,59.96
90,25,103,81.89,99.99,1,99.99
91,26,122,839.76,299.99,3,899.97
92,26,63,25.92,7.99,4,31.96
93,26,108,103.35,29.99,4,119.96
94,26,153,52.61,11.99,5,59.95
95,27,192,36986.37,10999.99,4,43999.96
96,27,97,52948.45,10999.99,5,54999.95
97,27,20,13.57,4.99,3,14.97
98,27,113,10547.97,3999.99,3,11999.97
99,28,182,127.1,29.99,5,149.95
100,28,64,24.33,14.99,2,29.98
101,28,46,41.89,14.99,3,44.97
102,28,185,96.62,19.99,5,99.94999999999999
103,28,175,101.73,39.99,3,119.97
104,28,81,5139.7,1099.99,5,5499.95
105,29,174,1546.35,599.99,3,1799.97
106,29,102,382.03,79.99,5,399.95
107,29,48,38.82,7.99,5,39.95
108,29,141,110.68,39.99,3,119.97
109,30,143,29.0,29.99,1,29.99
110,30,135,493.96,299.99,2,599.98
111,30,126,325.43,399.99,1,399.99
112,30,77,5.24,5.99,1,5.99
113,30,3,67.57,14.99,5,74.95
114,30,170,154585.96,36999.99,5,184999.94999999998
115,31,2,32.71,19.99,2,39.98
116,31,16,1.74,1.99,1,1.99
117,31,54,23.71,8.99,3,26.97
118,31,187,129.08,49.99,3,149.97
119,31,106,923.76,349.99,3,1049.97
120,32,21,7.44,1.49,5,7.45
121,32,181,145.76,179.99,1,179.99
122,33,175,33.91,39.99,1,39.99
123,33,127,980.49,299.99,4,1199.96
124,33,38,16.3,5.99,3,17.97
125,33,14,2449.7,499.99,5,2499.95
126,33,43,268.73,59.99,5,299.95
127,33,169,121712.45,24999.99,5,124999.95000000001
128,34,136,825.88,499.99,2,999.98
129,34,100,329.37,129.99,3,389.97
130,34,154,85.53,29.99,3,89.97
131,35,69,7.4,3.99,2,7.98
132,35,54,7.9,8.99,1,8.99
133,35,181,437.27,179.99,3,539.97
134,35,55,23.83,6.99,4,27.96
135,35,38,16.3,5.99,3,17.97
136,35,67,14.51,15.99,1,15.99
137,36,3,40.54,14.99,3,44.97
138,36,138,17.67,8.99,2,17.98
139,36,72,31.16,8.99,4,35.96
140,37,141,110.68,39.99,3,119.97
141,37,41,8.64,2.49,4,9.96
142,38,110,24.16,14.99,2,29.98
143,38,161,286.29,349.99,1,349.99
145,39,148,16.51,9.99,2,19.98
146,39,177,232.73,129.99,2,259.98
147,40,154,85.53,29.99,3,89.97
148,40,77,20.97,5.99,4,23.96
149,40,6,147.14,49.99,3,149.97
150,41,38,27.17,5.99,5,29.950000000000003
151,41,97,21179.38,10999.99,2,21999.98
152,41,139,97.06,24.99,4,99.96
153,41,7,434.11,129.99,4,519.96
154,41,95,24602.37,8999.99,3,26999.97
155,42,148,41.27,9.99,5,49.95
156,42,17,46.97,12.99,4,51.96
157,42,179,135.89,79.99,2,159.98
158,42,164,89.98,34.99,3,104.97
159,42,7,217.06,129.99,2,259.98
160,43,88,719.05,149.99,5,749.95
161,43,13,485.44,299.99,2,599.98
162,43,90,258.63,89.99,3,269.96999999999997
163,43,61,58.07,34.99,2,69.98
164,44,74,19.65,4.99,4,19.96
165,44,115,41885.97,14999.99,3,44999.97
166,44,142,11.87,12.99,1,12.99
167,44,40,11.84,3.99,3,11.97
168,44,132,1610.97,499.99,4,1999.96
169,44,22,9.86,10.99,1,10.99
170,45,168,121136.36,32999.99,4,131999.96
171,45,29,10.53,3.99,3,11.97
172,45,30,6.33,2.49,3,7.470000000000001
173,45,156,138.55,34.99,4,139.96
174,45,72,15.58,8.99,2,17.98
175,45,75,78.6,16.99,5,84.94999999999999
176,46,21,7.44,1.49,5,7.45
177,46,121,522.51,199.99,3,599.97
178,46,96,53611.96,12999.99,5,64999.95
179,46,14,1959.76,499.99,4,1999.96
180,47,6,147.14,49.99,3,149.97
181,47,164,119.97,34.99,4,139.96
182,47,169,48684.98,24999.99,2,49999.98
183,47,92,219.89,109.99,2,219.98
184,47,46,27.93,14.99,2,29.98
185,48,140,69.37,14.99,5,74.95
186,48,18,32.52,8.99,4,35.96
187,49,184,99.19,19.99,5,99.94999999999999
188,49,142,59.34,12.99,5,64.95
189,49,15,3647.95,799.99,5,3999.95
190,49,18,16.26,8.99,2,17.98
191,49,111,21.01,12.99,2,25.98
192,50,60,52.99,10.99,5,54.95
193,50,96,10722.39,12999.99,1,12999.99
194,50,8,76.74,89.99,1,89.99
195,51,133,3304.3,699.99,5,3499.95
196,51,73,17.57,19.99,1,19.99
197,51,96,10722.39,12999.99,1,12999.99
198,51,98,13292.99,13999.99,1,13999.99
199,51,116,5623.78,2999.99,2,5999.98
200,52,169,121712.45,24999.99,5,124999.95000000001
201,52,194,227.22,129.99,2,259.98
202,52,4,11.41,12.99,1,12.99
203,52,114,8120.69,8999.99,1,8999.99
204,52,77,26.21,5.99,5,29.950000000000003
205,52,185,77.3,19.99,4,79.96
206,53,159,963.58,499.99,2,999.98
207,53,163,64.61,19.99,4,79.96
208,54,12,4279.98,2499.99,2,4999.98
209,54,78,5718.57,1999.99,3,5999.97
210,55,49,15.16,5.99,3,17.97
211,55,84,24.76,24.99,1,24.99
212,56,60,21.2,10.99,2,21.98
213,56,99,87.92,99.99,1,99.99
214,57,88,719.05,149.99,5,749.95
215,57,100,439.16,129.99,4,519.96
216,58,174,1030.9,599.99,2,1199.98
217,58,142,11.87,12.99,1,12.99
218,59,170,61834.38,36999.99,2,73999.98
219,59,145,24.91,29.99,1,29.99
220,60,82,6608.21,1499.99,5,7499.95
221,60,149,140.18,49.99,3,149.97
222,61,66,316.3,89.99,4,359.96
223,61,119,43.44,12.99,4,51.96
224,61,107,141.38,49.99,3,149.97
225,61,166,69.62,39.99,2,79.98
226,61,42,0.84,0.99,1,0.99
227,62,133,2643.44,699.99,4,2799.96
228,62,53,47.79,12.99,4,51.96
229,63,153,10.52,11.99,1,11.99
230,63,179,135.89,79.99,2,159.98
231,63,129,279.14,299.99,1,299.99
232,63,19,34.49,9.99,4,39.96
233,64,79,4798.41,1799.99,3,5399.97
234,64,21,2.98,1.49,2,2.98
235,64,73,70.29,19.99,4,79.96
236,64,9,347.78,69.99,5,349.95
237,64,175,169.56,39.99,5,199.95000000000002
238,65,130,1238.82,349.99,4,1399.96
239,65,93,84.6,89.99,1,89.99
240,65,175,169.56,39.99,5,199.95000000000002
241,65,87,24.8,27.99,1,27.99
242,66,193,1306.54,799.99,2,1599.98
243,66,160,520.13,599.99,1,599.99
244,66,37,5.38,1.99,3,5.97
245,66,178,75.36,89.99,1,89.99
246,67,135,246.98,299.99,1,299.99
247,67,9,139.11,69.99,2,139.98
248,67,29,3.51,3.99,1,3.99
249,68,65,23.29,12.99,2,25.98
250,68,164,149.97,34.99,5,174.95000000000002
251,68,53,47.79,12.99,4,51.96
252,69,28,10.03,5.49,2,10.98
253,69,190,4527.49,4999.99,1,4999.99
254,69,183,63.59,24.99,3,74.97
255,69,122,559.84,299.99,2,599.98
257,70,161,1431.46,349.99,5,1749.95
258,70,112,1375.32,499.99,3,1499.97
259,70,130,309.71,349.99,1,349.99
260,70,149,140.18,49.99,3,149.97
261,70,72,38.95,8.99,5,44.95
262,71,133,2643.44,699.99,4,2799.96
263,71,180,82.3,49.99,2,99.98
264,71,23,5.32,2.99,2,5.98
265,71,115,69809.95,14999.99,5,74999.95
266,72,141,147.58,39.99,4,159.96
267,72,46,69.82,14.99,5,74.95
268,72,61,58.07,34.99,2,69.98
269,72,38,16.3,5.99,3,17.97
270,73,79,4798.41,1799.99,3,5399.97
271,73,111,21.01,12.99,2,25.98
272,73,63,25.92,7.99,4,31.96
273,73,120,43.26,9.99,5,49.95
274,73,129,279.14,299.99,1,299.99
275,73,191,15342.39,15999.99,1,15999.99
276,74,105,82.82,99.99,1,99.99
277,74,130,1238.82,349.99,4,1399.96
278,74,41,2.16,2.49,1,2.49
279,74,36,55.42,19.99,3,59.97
280,75,41,2.16,2.49,1,2.49
281,75,127,245.12,299.99,1,299.99
282,75,73,35.15,19.99,2,39.98
283,75,37,3.59,1.99,2,3.98
284,76,108,77.51,29.99,3,89.97
285,76,78,7624.76,1999.99,4,7999.96
286,76,167,27845.79,28999.99,1,28999.99
287,76,177,349.1,129.99,3,389.97
288,76,152,120.56,49.99,3,149.97
289,77,106,615.84,349.99,2,699.98
290,77,178,150.72,89.99,2,179.98
291,77,91,114.03,119.99,1,119.99
292,78,171,109107.17,31999.99,4,127999.96
293,78,120,25.96,9.99,3,29.97
294,78,181,728.78,179.99,5,899.95
295,78,85,28.17,34.99,1,34.99
296,79,18,24.39,8.99,3,26.97
297,79,84,74.27,24.99,3,74.97
298,79,193,653.27,799.99,1,799.99
299,79,174,515.45,599.99,1,599.99
300,79,147,51.19,17.99,3,53.97
301,79,50,17.93,9.99,2,19.98
302,80,41,4.32,2.49,2,4.98
303,80,13,1213.61,299.99,5,1499.95
304,81,2,49.06,19.99,3,59.97
305,81,36,92.36,19.99,5,99.94999999999999
306,81,18,16.26,8.99,2,17.98
307,81,53,59.73,12.99,5,64.95
308,82,163,16.15,19.99,1,19.99
309,82,46,69.82,14.99,5,74.95
310,82,43,161.24,59.99,3,179.97
311,82,107,188.5,49.99,4,199.96
312,82,136,1238.83,499.99,3,1499.97
313,83,163,32.3,19.99,2,39.98
314,83,32,3.01,3.49,1,3.49
315,83,14,1959.76,499.99,4,1999.96
316,83,170,123668.77,36999.99,4,147999.96
317,83,49,15.16,5.99,3,17.97
318,84,141,73.79,39.99,2,79.98
319,84,90,431.05,89.99,5,449.95
320,84,71,37.71,39.99,1,39.99
321,85,157,70.99,19.99,4,79.96
322,85,47,92.89,49.99,2,99.98
323,86,114,40603.45,8999.99,5,44999.95
324,86,180,205.76,49.99,5,249.95000000000002
325,87,45,185.03,39.99,5,199.95000000000002
326,87,175,67.82,39.99,2,79.98
327,87,44,25.53,29.99,1,29.99
328,88,58,18.34,3.99,5,19.950000000000003
329,88,100,109.79,129.99,1,129.99
330,89,30,8.44,2.49,4,9.96
331,89,101,1899.23,549.99,4,2199.96
332,89,44,25.53,29.99,1,29.99
333,89,150,48.28,29.99,2,59.98
335,89,138,8.84,8.99,1,8.99
336,90,132,805.48,499.99,2,999.98
337,90,180,164.61,49.99,4,199.96
338,90,83,50.77,29.99,2,59.98
339,90,176,265.07,59.99,5,299.95
340,90,94,3724.18,1499.99,3,4499.97
341,91,187,172.11,49.99,4,199.96
342,91,52,56.06,29.99,2,59.98
343,92,132,402.74,499.99,1,499.99
344,92,187,129.08,49.99,3,149.97
345,92,51,148.35,39.99,4,159.96
346,93,83,50.77,29.99,2,59.98
347,93,74,9.83,4.99,2,9.98
348,93,103,81.89,99.99,1,99.99
349,93,85,112.67,34.99,4,139.96
350,93,13,1213.61,299.99,5,1499.95
351,94,75,78.6,16.99,5,84.94999999999999
352,94,3,54.06,14.99,4,59.96
353,94,155,71.27,24.99,3,74.97
354,94,16,5.22,1.99,3,5.97
355,94,188,103.0,29.99,4,119.96
356,95,133,3304.3,699.99,5,3499.95
357,95,23,5.32,2.99,2,5.98
358,95,170,123668.77,36999.99,4,147999.96
359,95,183,105.98,24.99,5,124.94999999999999
361,95,140,55.5,14.99,4,59.96
362,96,5,39.81,8.99,5,44.95
363,96,162,52.7,29.99,2,59.98
364,97,18,8.13,8.99,1,8.99
365,97,41,4.32,2.49,2,4.98
366,97,132,1610.97,499.99,4,1999.96
367,98,180,205.76,49.99,5,249.95000000000002
368,98,48,15.53,7.99,2,15.98
369,98,99,439.61,99.99,5,499.95
370,98,188,25.75,29.99,1,29.99
371,98,156,138.55,34.99,4,139.96
372,98,24,71.78,14.99,5,74.95
373,99,18,24.39,8.99,3,26.97
374,99,68,72.72,24.99,3,74.97
375,99,146,5.81,5.99,1,5.99
376,99,28,15.04,5.49,3,16.47
377,100,31,2.85,0.79,4,3.16
378,100,97,31769.07,10999.99,3,32999.97
379,101,57,28.92,9.99,3,29.97
380,101,153,31.56,11.99,3,35.97
381,101,133,1321.72,699.99,2,1399.98
382,101,22,9.86,10.99,1,10.99
383,101,68,72.72,24.99,3,74.97
384,102,22,9.86,10.99,1,10.99
385,102,111,10.51,12.99,1,12.99
386,102,53,47.79,12.99,4,51.96
387,102,45,74.01,39.99,2,79.98
388,102,63,12.96,7.99,2,15.98
389,103,37,8.96,1.99,5,9.95
390,103,39,6.57,1.99,4,7.96
391,103,18,16.26,8.99,2,17.98
392,104,87,124.02,27.99,5,139.95
393,104,24,71.78,14.99,5,74.95
394,104,32,9.03,3.49,3,10.47
395,104,66,316.3,89.99,4,359.96
396,104,55,29.79,6.99,5,34.95
397,104,99,439.61,99.99,5,499.95
398,105,148,16.51,9.99,2,19.98
399,105,109,54.82,19.99,3,59.97
400,105,75,62.88,16.99,4,67.96
401,106,84,24.76,24.99,1,24.99
402,106,166,69.62,39.99,2,79.98
403,107,52,28.03,29.99,1,29.99
404,107,47,92.89,49.99,2,99.98
405,108,142,11.87,12.99,1,12.99
406,108,106,923.76,349.99,3,1049.97
407,109,78,9530.95,1999.99,5,9999.95
408,109,93,84.6,89.99,1,89.99
409,110,170,30917.19,36999.99,1,36999.99
410,110,163,48.46,19.99,3,59.97
411,110,38,21.73,5.99,4,23.96
412,110,61,58.07,34.99,2,69.98
413,110,92,549.73,109.99,5,549.9499999999999
414,111,12,10699.96,2499.99,5,12499.949999999999
415,111,161,1145.17,349.99,4,1399.96
416,112,172,164.21,49.99,4,199.96
417,112,49,5.05,5.99,1,5.99
418,112,142,35.61,12.99,3,38.97
419,112,156,138.55,34.99,4,139.96
420,113,1,44.72,9.99,5,49.95
421,113,110,60.41,14.99,5,74.95
422,113,112,1375.32,499.99,3,1499.97
423,114,105,165.64,99.99,2,199.98
424,114,117,33157.46,7499.99,5,37499.95
425,115,166,69.62,39.99,2,79.98
426,115,81,4111.76,1099.99,4,4399.96
427,115,69,7.4,3.99,2,7.98
428,115,18,32.52,8.99,4,35.96
429,115,23,2.66,2.99,1,2.99
430,116,144,40.65,44.99,1,44.99
431,116,21,7.44,1.49,5,7.45
432,116,116,8435.67,2999.99,3,8999.97
433,116,111,31.52,12.99,3,38.97
434,116,120,43.26,9.99,5,49.95
435,117,11,3474.32,1899.99,2,3799.98
436,117,69,3.7,3.99,1,3.99
437,117,37,5.38,1.99,3,5.97
438,117,176,159.04,59.99,3,179.97
439,117,80,6343.35,1399.99,5,6999.95
440,118,60,42.4,10.99,4,43.96
441,118,183,42.39,24.99,2,49.98
442,118,120,34.61,9.99,4,39.96
443,118,33,21.74,4.99,5,24.950000000000003
444,119,104,32.58,19.99,2,39.98
445,119,100,219.58,129.99,2,259.98
446,120,105,165.64,99.99,2,199.98
447,120,45,74.01,39.99,2,79.98
448,120,88,575.24,149.99,4,599.96
449,121,60,52.99,10.99,5,54.95
450,121,42,2.53,0.99,3,2.9699999999999998
451,121,53,23.89,12.99,2,25.98
452,122,95,24602.37,8999.99,3,26999.97
453,122,184,39.68,19.99,2,39.98
454,122,47,46.45,49.99,1,49.99
455,123,183,84.79,24.99,4,99.96
456,123,116,8435.67,2999.99,3,8999.97
457,123,155,95.02,24.99,4,99.96
458,123,53,47.79,12.99,4,51.96
459,123,115,69809.95,14999.99,5,74999.95
460,123,180,41.15,49.99,1,49.99
461,124,144,162.61,44.99,4,179.96
462,124,149,233.63,49.99,5,249.95000000000002
463,124,146,29.07,5.99,5,29.950000000000003
464,124,120,8.65,9.99,1,9.99
465,125,123,2990.76,1099.99,3,3299.9700000000003
466,125,4,57.05,12.99,5,64.95
467,126,181,291.51,179.99,2,359.98
468,126,68,121.2,24.99,5,124.94999999999999
469,126,69,7.4,3.99,2,7.98
470,126,127,490.24,299.99,2,599.98
471,126,30,10.56,2.49,5,12.450000000000001
472,127,140,27.75,14.99,2,29.98
473,127,128,381.12,149.99,3,449.97
474,127,87,74.41,27.99,3,83.97
475,127,46,55.86,14.99,4,59.96
476,127,121,348.34,199.99,2,399.98
477,128,147,17.06,17.99,1,17.99
478,128,78,9530.95,1999.99,5,9999.95
479,128,4,34.23,12.99,3,38.97
480,128,173,124.96,129.99,1,129.99
481,128,57,48.2,9.99,5,49.95
482,129,136,1651.77,499.99,4,1999.96
483,129,52,140.16,29.99,5,149.95
484,129,21,1.49,1.49,1,1.49
485,129,162,26.35,29.99,1,29.99
486,129,18,40.64,8.99,5,44.95
487,129,59,18.38,4.99,4,19.96
488,130,65,23.29,12.99,2,25.98
489,130,15,1459.18,799.99,2,1599.98
490,130,167,27845.79,28999.99,1,28999.99
491,131,93,423.0,89.99,5,449.95
492,131,65,23.29,12.99,2,25.98
493,131,90,172.42,89.99,2,179.98
494,131,133,2643.44,699.99,4,2799.96
495,131,35,6.5,2.29,3,6.87
496,131,10,205.44,79.99,3,239.96999999999997
497,132,51,111.26,39.99,3,119.97
498,132,179,67.94,79.99,1,79.99
500,132,12,10699.96,2499.99,5,12499.949999999999
501,132,65,46.59,12.99,4,51.96
502,132,134,449.13,249.99,2,499.98
503,133,176,106.03,59.99,2,119.98
505,133,152,160.75,49.99,4,199.96
506,133,190,4527.49,4999.99,1,4999.99
507,133,78,3812.38,1999.99,2,3999.98
508,134,126,976.3,399.99,3,1199.97
509,134,103,245.68,99.99,3,299.96999999999997
510,134,173,374.88,129.99,3,389.97
511,134,183,63.59,24.99,3,74.97
512,134,104,48.86,19.99,3,59.97
513,134,34,31.45,7.99,4,31.96
514,135,150,48.28,29.99,2,59.98
515,135,188,51.5,29.99,2,59.98
516,135,100,548.95,129.99,5,649.95
518,136,177,232.73,129.99,2,259.98
519,136,65,23.29,12.99,2,25.98
520,136,166,104.43,39.99,3,119.97
521,137,43,161.24,59.99,3,179.97
522,137,87,124.02,27.99,5,139.95
523,137,56,85.94,49.99,2,99.98
524,137,113,10547.97,3999.99,3,11999.97
525,137,158,22.64,22.99,1,22.99
526,138,117,13262.98,7499.99,2,14999.98
527,138,146,29.07,5.99,5,29.950000000000003
528,139,62,11.9,5.99,2,11.98
529,139,139,24.27,24.99,1,24.99
530,140,87,24.8,27.99,1,27.99
531,140,58,14.67,3.99,4,15.96
532,140,88,575.24,149.99,4,599.96
533,141,161,1431.46,349.99,5,1749.95
534,141,35,10.83,2.29,5,11.45
535,141,160,1040.26,599.99,2,1199.98
536,141,110,24.16,14.99,2,29.98
537,142,159,963.58,499.99,2,999.98
538,142,187,172.11,49.99,4,199.96
539,142,112,916.88,499.99,2,999.98
540,142,51,185.43,39.99,5,199.95000000000002
541,142,5,31.85,8.99,4,35.96
542,142,102,229.22,79.99,3,239.96999999999997
543,143,149,140.18,49.99,3,149.97
544,143,150,96.56,29.99,4,119.96
545,143,80,6343.35,1399.99,5,6999.95
546,143,12,8559.97,2499.99,4,9999.96
547,143,166,104.43,39.99,3,119.97
548,143,92,219.89,109.99,2,219.98
549,144,12,2139.99,2499.99,1,2499.99
550,144,132,1208.23,499.99,3,1499.97
551,144,35,8.67,2.29,4,9.16
552,144,71,113.13,39.99,3,119.97
553,144,156,138.55,34.99,4,139.96
554,145,152,160.75,49.99,4,199.96
555,145,52,84.09,29.99,3,89.97
556,145,129,558.28,299.99,2,599.98
557,145,146,5.81,5.99,1,5.99
558,145,77,15.73,5.99,3,17.97
559,145,10,205.44,79.99,3,239.96999999999997
560,146,137,38.01,19.99,2,39.98
561,146,18,40.64,8.99,5,44.95
562,146,172,164.21,49.99,4,199.96
563,146,151,12.34,6.99,2,13.98
564,146,102,229.22,79.99,3,239.96999999999997
565,146,76,21.64,11.99,2,23.98
566,147,42,2.53,0.99,3,2.9699999999999998
567,147,122,279.92,299.99,1,299.99
568,147,129,837.42,299.99,3,899.97
569,147,7,542.64,129.99,5,649.95
570,147,107,235.63,49.99,5,249.95000000000002
571,148,32,6.02,3.49,2,6.98
572,148,111,52.53,12.99,5,64.95
573,149,117,33157.46,7499.99,5,37499.95
574,149,101,949.61,549.99,2,1099.98
575,149,91,570.13,119.99,5,599.9499999999999
576,149,28,25.06,5.49,5,27.450000000000003
577,150,153,10.52,11.99,1,11.99
578,150,32,15.05,3.49,5,17.450000000000003
579,150,159,963.58,499.99,2,999.98
580,151,38,10.87,5.99,2,11.98
581,151,2,49.06,19.99,3,59.97
582,151,21,5.95,1.49,4,5.96
583,151,52,140.16,29.99,5,149.95
585,152,108,103.35,29.99,4,119.96
586,152,193,3266.36,799.99,5,3999.95
587,153,7,217.06,129.99,2,259.98
588,153,120,25.96,9.99,3,29.97
589,153,110,12.08,14.99,1,14.99
590,153,136,2064.71,499.99,5,2499.95
591,153,80,1268.67,1399.99,1,1399.99
592,153,164,89.98,34.99,3,104.97
593,154,29,3.51,3.99,1,3.99
594,154,93,423.0,89.99,5,449.95
595,154,176,106.03,59.99,2,119.98
596,155,113,17579.96,3999.99,5,19999.949999999997
597,155,74,24.57,4.99,5,24.950000000000003
598,155,71,150.84,39.99,4,159.96
599,155,170,92751.57,36999.99,3,110999.97
600,155,36,36.95,19.99,2,39.98
601,156,67,58.04,15.99,4,63.96
602,156,112,2292.2,499.99,5,2499.95
604,157,74,4.91,4.99,1,4.99
605,157,16,1.74,1.99,1,1.99
606,158,13,242.72,299.99,1,299.99
607,158,44,25.53,29.99,1,29.99
608,158,6,245.23,49.99,5,249.95000000000002
609,158,14,489.94,499.99,1,499.99
610,158,182,76.26,29.99,3,89.97
611,159,68,121.2,24.99,5,124.94999999999999
612,159,105,82.82,99.99,1,99.99
613,159,164,89.98,34.99,3,104.97
614,159,119,43.44,12.99,4,51.96
615,159,148,16.51,9.99,2,19.98
616,159,56,42.97,49.99,1,49.99
617,160,66,79.07,89.99,1,89.99
618,160,183,63.59,24.99,3,74.97
619,161,172,205.26,49.99,5,249.95000000000002
620,161,156,138.55,34.99,4,139.96
621,161,159,1445.37,499.99,3,1499.97
622,161,105,331.29,99.99,4,399.96
623,161,68,48.48,24.99,2,49.98
624,162,151,24.67,6.99,4,27.96
625,162,118,7.33,8.99,1,8.99
626,162,112,1833.76,499.99,4,1999.96
627,162,129,1116.56,299.99,4,1199.96
628,163,51,74.17,39.99,2,79.98
629,163,33,13.04,4.99,3,14.97
630,163,13,728.17,299.99,3,899.97
631,163,8,383.72,89.99,5,449.95
632,163,6,49.05,49.99,1,49.99
633,164,27,23.93,6.99,4,27.96
634,164,61,116.14,34.99,4,139.96
635,164,46,55.86,14.99,4,59.96
636,165,46,13.96,14.99,1,14.99
637,165,109,36.55,19.99,2,39.98
638,165,76,10.82,11.99,1,11.99
639,165,189,57.6,34.99,2,69.98
640,165,73,52.72,19.99,3,59.97
641,165,113,17579.96,3999.99,5,19999.949999999997
642,166,175,67.82,39.99,2,79.98
643,166,180,41.15,49.99,1,49.99
644,167,191,46027.17,15999.99,3,47999.97
645,167,21,1.49,1.49,1,1.49
646,167,166,174.06,39.99,5,199.95000000000002
647,168,52,56.06,29.99,2,59.98
648,168,50,35.87,9.99,4,39.96
649,169,193,653.27,799.99,1,799.99
650,169,95,32803.16,8999.99,4,35999.96
651,170,8,76.74,89.99,1,89.99
652,170,126,1301.73,399.99,4,1599.96
653,170,59,22.97,4.99,5,24.950000000000003
654,170,9,69.56,69.99,1,69.99
655,170,46,41.89,14.99,3,44.97
656,171,166,174.06,39.99,5,199.95000000000002
657,171,157,17.75,19.99,1,19.99
658,172,24,71.78,14.99,5,74.95
659,172,1,17.89,9.99,2,19.98
660,172,8,76.74,89.99,1,89.99
661,172,100,329.37,129.99,3,389.97
662,173,191,15342.39,15999.99,1,15999.99
663,173,106,1539.61,349.99,5,1749.95
664,173,63,25.92,7.99,4,31.96
665,173,37,3.59,1.99,2,3.98
666,174,158,90.57,22.99,4,91.96
667,174,90,431.05,89.99,5,449.95
668,174,54,31.61,8.99,4,35.96
669,174,27,17.95,6.99,3,20.97
670,174,83,126.93,29.99,5,149.95
671,174,39,3.28,1.99,2,3.98
672,175,128,127.04,149.99,1,149.99
673,175,99,175.84,99.99,2,199.98
674,176,152,200.93,49.99,5,249.95000000000002
675,176,19,17.24,9.99,2,19.98
676,177,179,339.72,79.99,5,399.95
677,177,14,1959.76,499.99,4,1999.96
678,178,4,22.82,12.99,2,25.98
679,178,43,214.98,59.99,4,239.96
680,178,93,253.8,89.99,3,269.96999999999997
681,178,128,635.21,149.99,5,749.95
682,178,99,439.61,99.99,5,499.95
683,178,12,4279.98,2499.99,2,4999.98
684,179,100,219.58,129.99,2,259.98
685,179,83,101.55,29.99,4,119.96
686,179,95,24602.37,8999.99,3,26999.97
687,179,32,9.03,3.49,3,10.47
688,179,118,21.98,8.99,3,26.97
689,179,88,143.81,149.99,1,149.99
690,180,26,1.96,0.99,2,1.98
691,180,74,4.91,4.99,1,4.99
692,181,105,165.64,99.99,2,199.98
693,181,48,7.76,7.99,1,7.99
694,181,82,3964.92,1499.99,3,4499.97
695,182,69,11.09,3.99,3,11.97
696,182,176,106.03,59.99,2,119.98
697,182,67,72.55,15.99,5,79.95
698,182,133,1982.58,699.99,3,2099.9700000000003
699,182,47,185.78,49.99,4,199.96
700,182,129,837.42,299.99,3,899.97
701,183,63,32.4,7.99,5,39.95
702,183,64,12.16,14.99,1,14.99
703,183,136,2064.71,499.99,5,2499.95
704,183,193,1959.82,799.99,3,2399.9700000000003
705,183,167,55691.58,28999.99,2,57999.98
706,184,98,13292.99,13999.99,1,13999.99
707,184,67,14.51,15.99,1,15.99
708,185,33,4.35,4.99,1,4.99
709,185,130,1238.82,349.99,4,1399.96
710,186,92,329.84,109.99,3,329.96999999999997
711,186,70,29.88,6.99,5,34.95
712,187,12,8559.97,2499.99,4,9999.96
713,187,119,54.3,12.99,5,64.95
714,187,161,572.58,349.99,2,699.98
715,187,10,68.48,79.99,1,79.99
716,188,184,99.19,19.99,5,99.94999999999999
717,188,166,34.81,39.99,1,39.99
718,188,2,16.35,19.99,1,19.99
719,188,183,21.2,24.99,1,24.99
720,189,122,839.76,299.99,3,899.97
721,189,8,306.97,89.99,4,359.96
722,189,108,25.84,29.99,1,29.99
723,190,157,70.99,19.99,4,79.96
724,190,98,53171.96,13999.99,4,55999.96
725,191,7,325.59,129.99,3,389.97
726,191,45,74.01,39.99,2,79.98
727,191,96,32167.18,12999.99,3,38999.97
728,191,184,19.84,19.99,1,19.99
729,191,78,3812.38,1999.99,2,3999.98
730,192,98,66464.95,13999.99,5,69999.95
731,192,92,329.84,109.99,3,329.96999999999997
732,192,28,25.06,5.49,5,27.450000000000003
733,192,1,26.83,9.99,3,29.97
734,192,43,214.98,59.99,4,239.96
735,193,26,4.9,0.99,5,4.95
736,193,100,439.16,129.99,4,519.96
737,193,138,35.35,8.99,4,35.96
738,193,2,16.35,19.99,1,19.99
739,193,149,46.73,49.99,1,49.99
740,193,59,22.97,4.99,5,24.950000000000003
741,194,111,31.52,12.99,3,38.97
742,194,167,83537.37,28999.99,3,86999.97
743,194,17,46.97,12.99,4,51.96
744,195,103,327.57,99.99,4,399.96
745,195,100,109.79,129.99,1,129.99
746,195,192,36986.37,10999.99,4,43999.96
747,195,43,53.75,59.99,1,59.99
748,195,60,42.4,10.99,4,43.96
749,195,27,23.93,6.99,4,27.96
750,196,185,38.65,19.99,2,39.98
751,196,1,44.72,9.99,5,49.95
752,196,52,56.06,29.99,2,59.98
753,196,24,57.42,14.99,4,59.96
754,196,115,69809.95,14999.99,5,74999.95
755,197,18,32.52,8.99,4,35.96
756,197,167,55691.58,28999.99,2,57999.98
757,197,87,24.8,27.99,1,27.99
758,198,39,4.93,1.99,3,5.97
759,198,36,55.42,19.99,3,59.97
760,198,168,90852.27,32999.99,3,98999.97
761,198,129,1395.7,299.99,5,1499.95
762,199,98,26585.98,13999.99,2,27999.98
763,199,43,214.98,59.99,4,239.96
764,200,87,124.02,27.99,5,139.95
765,200,187,129.08,49.99,3,149.97
766,200,44,76.59,29.99,3,89.97
767,200,142,59.34,12.99,5,64.95
769,200,97,21179.38,10999.99,2,21999.98
770,201,86,55.87,19.99,3,59.97
771,201,72,7.79,8.99,1,8.99
772,201,28,25.06,5.49,5,27.450000000000003
773,201,171,109107.17,31999.99,4,127999.96
774,202,112,458.44,499.99,1,499.99
775,202,19,43.11,9.99,5,49.95
776,202,65,11.65,12.99,1,12.99
777,202,113,17579.96,3999.99,5,19999.949999999997
778,202,159,2408.95,499.99,5,2499.95
779,202,119,43.44,12.99,4,51.96
780,203,158,22.64,22.99,1,22.99
781,203,70,23.9,6.99,4,27.96
782,204,141,147.58,39.99,4,159.96
783,204,190,18109.96,4999.99,4,19999.96
784,204,38,10.87,5.99,2,11.98
785,204,176,159.04,59.99,3,179.97
787,204,91,228.05,119.99,2,239.98
788,205,62,11.9,5.99,2,11.98
789,205,113,14063.96,3999.99,4,15999.96
790,206,141,147.58,39.99,4,159.96
791,206,3,27.03,14.99,2,29.98
792,206,185,38.65,19.99,2,39.98
793,207,137,38.01,19.99,2,39.98
794,207,146,29.07,5.99,5,29.950000000000003
795,207,42,3.37,0.99,4,3.96
796,207,164,119.97,34.99,4,139.96
797,207,117,19894.47,7499.99,3,22499.97
798,207,16,5.22,1.99,3,5.97
799,208,3,40.54,14.99,3,44.97
800,208,100,219.58,129.99,2,259.98
